Date,Clics,Impressions,CTR,Position
2026-09-08,1,2,50%,1
2026-09-09,0,1,0%,2
2026-09-10,0,0,,
2026-09-11,0,6,0%,2.7
2026-09-12,0,0,,
2026-09-13,0,0,,
2026-09-14,0,0,,
2026-09-15,0,8,0%,12.6
2026-09-16,0,4,0%,23.8
2026-09-17,1,8,12.5%,5.5
2026-09-18,0,1,0%,3
2026-09-19,0,5,0%,3.2
2026-09-20,0,3,0%,4.3
2026-09-21,0,2,0%,8.5
2026-09-22,0,1,0%,9
2026-09-23,0,0,,
2026-09-24,0,1,0%,2
2026-09-25,0,6,0%,5.3
2026-09-26,0,5,0%,19.4
2026-09-27,0,6,0%,29.2
2026-09-28,0,3,0%,8.3
2026-09-29,0,4,0%,25
2026-09-30,1,3,33.33%,1.3
2026-10-01,0,0,,
2026-10-02,0,0,,
2026-10-03,0,0,,
2026-10-04,0,0,,
2026-10-05,0,0,,